county,lat,lon,bubble,change,week,state,telemed
Adair,35.6826,-94.7611,16,8,202244,KY,-0.02
Caddo Parish,32.3161,-93.8881,16,6,202244,LA,-0.02
Kearny,37.9382,-101.2713,16,4,202244,KS,-0.02
Gray,35.2273,-100.7592,16,3,202244,KS,-0.02
Oscoda,44.6001,-84.2931,16,2.5,202244,MI,-0.02
Bonner,48.0223,-116.9909,16,2,202244,ID,-0.02
Burt,41.7715,-96.3924,16,2,202244,NE,-0.02
Fairfield,34.2717,-81.2712,16,2,202244,CT,-0.02
Lincoln,31.3795,-90.2867,16,2,202244,ME,-0.02
Siskiyou,41.2124,-122.2734,16,2,202244,CA,-0.02
Houston,31.0507,-85.3154,16,1.833333333,202244,GA,-0.02
Brown,31.5176,-99.1277,14.8186433351474,1.477777778,202244,WI,-0.02
Maury,35.4749,-87.0005,13.9796375,1.375,202244,TN,-0.02
York,34.8507,-80.9342,13.4301846178964,1.307692308,202244,ME,-0.02
Lancaster,34.5578,-80.5546,13.2507714309038,1.285714286,202244,SC,-0.02
Ottawa,36.6296,-94.9432,12.7324666648526,1.222222222,202244,KS,-0.02
White Pine,38.8641,-115.0069,11.571464,1.08,202244,NV,-0.02
Bourbon,37.7175,-94.6613,10.9184,1,202244,KY,-0.02
DeSoto,27.0675,-81.9855,10.9184,1,202244,MS,-0.02
Mercer,37.2698,-81.2223,10.9184,1,202244,OH,-0.02
Lake,28.5494,-81.7729,10.7643754678475,-0.981132075,202244,SD,-0.02
Jackson,28.7671,-96.6492,10.510235,-0.95,202244,GA,-0.02
Van Zandt,32.4126,-95.6371,10.4690440331024,-0.944954128,202244,TX,-0.02
Delaware,36.1662,-94.8547,9.9764807723705,0.884615385,202244,NY,-0.02
Bennington,42.7562,-73.0679,9.5787815392988,-0.835897436,202244,VT,-0.02
Fayette,29.6882,-96.9106,9.28574,-0.8,202244,PA,-0.02
Rockingham,36.3432,-79.6642,8.9160811309973,-0.754716981,202244,NH,-0.02
Utah,39.953,-111.9008,8.877575,0.75,202244,UT,-0.02
Becker,46.7565,-95.5212,8.6604659548415,0.723404255,202244,MN,-0.02
Essex,37.7681,-76.7117,8.5174294122449,0.705882353,202244,NH,-0.02
Mendocino,38.8251,-123.5399,8.2773323510204,-0.676470588,202244,CA,-0.02
Tompkins,42.3621,-76.592,8.1973000027211,-0.666666667,202244,NY,-0.02
Rowan,35.5435,-80.6129,8.1973000027211,0.666666667,202244,NC,-0.02
Rockdale,33.6111,-84.0683,7.8571625,-0.625,202244,GA,-0.02
Suffolk,40.6443,-73.1613,7.8571625,0.625,202244,MA,-0.02
Gregg,32.3836,-94.8653,7.8458664193388,0.623616236,202244,TX,-0.02
Manassas,38.7447,-77.4872,7.7786692276295,0.615384615,202244,VA,-0.02
Muscatine,41.3486,-91.1237,7.6426808945795,0.598726115,202244,IA,-0.02
Seneca,41.0182,-82.9899,7.3649635265306,-0.564705882,202244,OH,-0.02
Antelope,41.9732,-98.0751,7.3600384607012,-0.564102564,202244,NE,-0.02
Winchester,39.1676,-78.1686,7.3412235970649,-0.561797753,202244,VA,-0.02
Kenton,38.8394,-84.5069,7.2996175263623,0.556701031,202244,KY,-0.02
Alamance,35.9066,-79.4279,7.2902666702948,-0.555555556,202244,NC,-0.02
Osceola,27.8767,-81.05,7.2902666702948,-0.555555556,202244,IA,-0.02
Terrebonne,29.3695,-90.697,7.2078090871985,-0.545454545,202244,LA,-0.02
St. Clair,33.5296,-86.3007,7.1507230731554,-0.538461538,202244,IL,-0.02
Cochise,31.3373,-109.9413,7.1163150656975,-0.534246575,202244,AZ,-0.02
Russell,32.1468,-85.0738,7.0722298089482,-0.528846154,202244,KY,-0.02
Kanawha,38.0505,-81.4227,6.908357896169,0.50877193,202244,WV,-0.02
Seward,37.0216,-100.938,6.83675,-0.5,202244,KS,-0.02
Essex,37.7681,-76.7117,6.83675,0.5,202244,NJ,-0.02
Okmulgee,35.4551,-95.9498,6.83675,0.5,202244,OK,-0.02
Sagadahoc,43.7688,-69.815,6.83675,0.5,202244,ME,-0.02
Teton,43.4528,-110.7393,6.6855777738473,0.481481481,202244,ID,-0.02
Plymouth,41.6618,-70.8164,6.6423857127308,0.476190476,202244,MA,-0.02
Hancock,30.2391,-89.4595,6.6239625568817,-0.473933649,202244,IA,-0.02
Pierce,31.2931,-82.2617,6.5966529387755,-0.470588235,202244,NE,-0.02
Mobile,30.2521,-88.1096,6.581646875,0.46875,202244,AL,-0.02
Stanly,35.2106,-80.4407,6.5452035690962,-0.464285714,202244,NC,-0.02
Blue Earth,43.8903,-94.1774,6.5261896760426,-0.461956522,202244,MN,-0.02
Deschutes,43.7091,-121.5194,6.4656909128015,0.454545455,202244,OR,-0.02
Noble,36.2753,-97.4526,6.4261698223886,-0.449704142,202244,IN,-0.02
Kitsap,47.4179,-122.631,6.3134615392988,0.435897436,202244,WA,-0.02
Cherokee,31.4885,-94.9399,6.2536571463557,-0.428571429,202244,TX,-0.02
Benton,34.6244,-89.1862,6.2536571463557,0.428571429,202244,OK,-0.02
Martin,27.0595,-80.1364,6.2536571463557,0.428571429,202244,FL,-0.02
Roberts,35.7193,-100.7027,6.2536571463557,0.428571429,202244,SD,-0.02
Weld,40.0597,-105.0686,6.1981244858531,-0.421768707,202244,CO,-0.02
Chautauqua,37.0262,-96.1783,6.1564750027211,-0.416666667,202244,KS,-0.02
Henrico,37.4638,-77.398,6.1292639972789,0.413333333,202244,VA,-0.02
Lucas,40.9355,-93.4796,6.104146151753,0.41025641,202244,IA,-0.02
Ocean,39.5881,-74.3646,6.0946318174397,0.409090909,202244,NJ,-0.02
Davidson,35.6196,-80.0959,6.0773732542952,-0.406976744,202244,TN,-0.02
Carroll,33.3343,-89.757,6.071440625,-0.40625,202244,IL,-0.02
Major,36.2341,-98.3374,6.0391862103683,-0.402298851,202244,OK,-0.02
Thurston,42.0574,-96.4929,6.02042,-0.4,202244,NE,-0.02
Kit Carson,39.3087,-102.5979,6.02042,0.4,202244,CO,-0.02
Westchester,40.9002,-73.781,6.02042,0.4,202244,CT,-0.02
Contra Costa,37.7562,-121.9522,6.0071463435872,-0.398373984,202244,CA,-0.02
Worcester,38.0452,-75.4108,5.9067537944717,-0.386075949,202244,MD,-0.02
Osage,36.1576,-96.0311,5.8719963651206,-0.381818182,202244,OK,-0.02
Douglas,33.6634,-84.8639,5.8163375,-0.375,202244,CO,-0.02
Hudson,40.6664,-74.1192,5.8163375,0.375,202244,NJ,-0.02
Cook,31.0403,-83.3915,5.768437622957,0.36913229,202244,IL,-0.02
Atlantic,39.3194,-74.5356,5.6855153848247,-0.358974359,202244,NJ,-0.02
Jefferson,28.883,-81.3087,5.6832402159716,0.358695652,202244,TX,-0.02
Gibson,35.8081,-88.7627,5.6705642845481,-0.357142857,202244,TN,-0.02
Kay,36.6806,-97.3063,5.6273722234316,0.351851852,202244,OK,-0.02
Pike,31.0217,-90.479,5.5907726311493,-0.347368421,202244,OH,-0.02
Cache,41.56,-111.8297,5.5700310327938,0.344827586,202244,UT,-0.02
Washington,30.1669,-96.3977,5.561234375,0.34375,202244,OH,-0.02
Chippewa,44.9226,-95.4845,5.5539457154519,0.342857143,202244,MN,-0.02
Tolland,41.629,-72.3646,5.5507506814649,-0.342465753,202244,CT,-0.02
Knox,33.4183,-99.8137,5.5435539570014,-0.341584158,202244,IN,-0.02
St. Croix,44.9408,-92.2848,5.5380431825603,-0.340909091,202244,WI,-0.02
Steuben,41.5328,-85.0811,5.5200887062541,-0.338709677,202244,NY,-0.02
Marshall,33.9517,-96.712,5.4761999972789,-0.333333333,202244,WV,-0.02
Peoria,40.5571,-89.7685,5.4761999972789,-0.333333333,202244,IL,-0.02
Sharp,35.9517,-91.5444,5.4761999972789,-0.333333333,202244,AR,-0.02
Doï¿½a Ana,31.8186,-106.5997,5.4761999972789,0.333333333,202244,NM,-0.02
Lake,28.5494,-81.7729,5.4761999972789,0.333333333,202244,OH,-0.02
Murray,34.402,-97.051,5.4761999972789,0.333333333,202244,OK,-0.02
Wood,32.6439,-95.222,5.4542556427913,0.330645161,202244,TX,-0.02
Haskell,33.0771,-99.959,5.4452784128015,0.329545455,202244,OK,-0.02
Canadian,35.3885,-97.7309,5.4199789256873,0.326446281,202244,OK,-0.02
Merrick,40.9856,-98.2217,5.4170456560781,0.326086957,202244,NE,-0.02
Monona,41.9186,-95.829,5.4129186018035,-0.325581395,202244,IA,-0.02
Union,29.9315,-82.4255,5.3961676489796,0.323529412,202244,MS,-0.02
Worcester,38.0452,-75.4108,5.3884225793285,-0.322580645,202244,RI,-0.02
Hunterdon,40.3731,-74.9266,5.3723412211871,-0.320610687,202244,NJ,-0.02
Lee,26.3398,-81.7787,5.3490457915697,0.317757009,202244,IL,-0.02
Phillips,34.1335,-90.9751,5.3453778821036,-0.317307692,202244,AR,-0.02
Douglas,33.6634,-84.8639,5.308378851389,0.31277533,202244,OR,-0.02
Wayne,31.5168,-82.0397,5.30613125,0.3125,202244,MI,-0.02
Dorchester,32.9336,-80.1026,5.2923418934363,0.310810811,202244,SC,-0.02
Kent,33.2518,-100.5825,5.2735648911854,0.308510638,202244,MI,-0.02
Granville,35.6555,-78.4611,5.2668846178964,-0.307692308,202244,NC,-0.02
Pulaski,32.2778,-83.4948,5.2517793781892,-0.305841924,202244,KY,-0.02
Sullivan,36.4195,-82.304,5.2230744153773,0.302325581,202244,TN,-0.02
Henry,31.3534,-85.3323,5.2170476224166,-0.301587302,202244,IN,-0.02
Jefferson,28.883,-81.3087,5.20409,-0.3,202244,IA,-0.02
Washington,30.1669,-96.3977,5.1897684207662,-0.298245614,202244,UT,-0.02
Comal,29.6643,-98.3118,5.1785796875,0.296875,202244,TX,-0.02
Providence,41.7312,-71.5468,5.1738555531368,0.296296296,202244,RI,-0.02
Furnas,40.1063,-99.9715,5.1560705877551,0.294117647,202244,NE,-0.02
Gloucester,37.2585,-76.4959,5.1560705877551,0.294117647,202244,VA,-0.02
Valley,41.4293,-99.1205,5.1527125898102,0.293706294,202244,NE,-0.02
San Mateo,37.2065,-122.3649,5.1360625027211,0.291666667,202244,CA,-0.02
Winston,32.9789,-89.1221,5.1360625027211,0.291666667,202244,AL,-0.02
Keith,41.1002,-101.9099,5.1250903254773,0.290322581,202244,NE,-0.02
Rosebud,45.2862,-106.5095,5.122457,-0.29,202244,MT,-0.02
Westchester,40.9002,-73.781,5.1034465763489,0.287671233,202244,NY,-0.02
Morris,32.9252,-94.7049,5.1027156834467,-0.287581699,202244,NJ,-0.02
Kenai Peninsula,59.4495,-151.7009,5.10204875,-0.2875,202244,AK,-0.02
Bell,30.7991,-97.4263,5.0998776632219,0.287234043,202244,KY,-0.02
San Diego,32.5626,-117.043,5.0965116244265,-0.286821705,202244,CA,-0.02
Edgar,39.5525,-87.9352,5.0680349972789,-0.283333333,202244,IL,-0.02
Wood,32.6439,-95.222,5.0654679251444,0.283018868,202244,OH,-0.02
Boone,34.7399,-92.34,5.0586054469994,-0.282178218,202244,NE,-0.02
Androscoggin,43.9684,-70.1846,5.0481617944508,-0.280898876,202244,ME,-0.02
Washington,30.1669,-96.3977,5.040824,-0.28,202244,AR,-0.02
Hamilton,30.3387,-82.7765,5.040824,0.28,202244,TN,-0.02
Arapahoe,39.5805,-104.9011,5.0377289092949,-0.279620853,202244,CO,-0.02
Arlington,38.8415,-77.0905,5.0226833351474,-0.277777778,202244,VA,-0.02
Montgomery,30.1199,-95.4247,5.0172192792722,0.277108434,202244,KS,-0.02
Adams,31.4706,-91.4044,5.0157061544741,-0.276923077,202244,IN,-0.02
Humboldt,40.0231,-124.0139,5.0116219493612,-0.276422764,202244,NV,-0.02
Champaign,39.9012,-88.0753,4.9960058829932,-0.274509804,202244,OH,-0.02
Lincoln,31.3795,-90.2867,4.9902892872692,-0.273809524,202244,OK,-0.02
Johnson,32.2532,-97.3678,4.9814545476809,0.272727273,202244,NE,-0.02
Mills,31.4458,-98.5744,4.9814545476809,0.272727273,202244,TX,-0.02
Montgomery,30.1199,-95.4247,4.9814545476809,0.272727273,202244,IA,-0.02
New Hanover,33.9927,-77.9099,4.9814545476809,0.272727273,202244,NC,-0.02
Franklin,29.7255,-85.0063,4.9708528536443,-0.271428571,202244,VT,-0.02
Oktibbeha,33.357,-89.0473,4.9699488334757,0.271317829,202244,MS,-0.02
Pinal,32.4305,-111.1459,4.961397295091,0.27027027,202244,AZ,-0.02
Hamilton,30.3387,-82.7765,4.9559897047619,-0.269607843,202244,IA,-0.02
Anderson,31.648,-95.5551,4.9416982154519,0.267857143,202244,KS,-0.02
McCracken,37.0368,-88.5934,4.9319800027211,0.266666667,202244,KY,-0.02
Kent,33.2518,-100.5825,4.9188662653553,0.265060241,202244,DE,-0.02
Graham,32.797,-109.7522,4.9159735265306,0.264705882,202244,KS,-0.02
Kingman,37.4344,-98.4171,4.9159735265306,0.264705882,202244,KS,-0.02
Perkins,40.8073,-101.9839,4.8846565199645,-0.260869565,202244,NE,-0.02
Allen,30.4607,-92.8693,4.875437664458,-0.25974026,202244,KS,-0.02
Benton,34.6244,-89.1862,4.8715111089947,-0.259259259,202244,MN,-0.02
Adams,31.4706,-91.4044,4.8715111089947,0.259259259,202244,IA,-0.02
Jefferson,28.883,-81.3087,4.8679541142857,-0.258823529,202244,OH,-0.02
Licking,39.9337,-82.4724,4.8679541142857,0.258823529,202244,OH,-0.02
Washington,30.1669,-96.3977,4.8504925135436,0.256684492,202244,RI,-0.02
Covington,31.0105,-86.3497,4.8482538428048,-0.256410256,202244,AL,-0.02
Addison,43.7837,-73.2949,4.8344311309973,-0.254716981,202244,VT,-0.02
Morgan,33.5368,-83.3435,4.8305152531304,0.254237288,202244,AL,-0.02
Elkhart,41.4493,-85.9945,4.795925,-0.25,202244,IN,-0.02
Jefferson,28.883,-81.3087,4.795925,-0.25,202244,OK,-0.02
Kidder,46.8336,-99.6019,4.795925,-0.25,202244,ND,-0.02
Madison,30.3979,-83.2844,4.795925,-0.25,202244,IL,-0.02
Oxford,43.8262,-70.9243,4.795925,-0.25,202244,ME,-0.02
Butler,31.545,-86.7356,4.795925,0.25,202244,KY,-0.02
Hughes,34.878,-96.271,4.795925,0.25,202244,SD,-0.02
Jefferson,28.883,-81.3087,4.795925,0.25,202244,PA,-0.02
Saline,34.4508,-92.6547,4.795925,0.25,202244,MO,-0.02
Montgomery,30.1199,-95.4247,4.7719152979592,0.247058824,202244,OH,-0.02
Gallatin,37.6952,-88.2491,4.7645276910518,-0.246153846,202244,MT,-0.02
Northampton,36.2773,-77.2969,4.7588190871985,-0.245454545,202244,PA,-0.02
Greene,31.0867,-88.7977,4.7542755087047,-0.244897959,202244,OH,-0.02
Lamoille,44.442,-72.7188,4.7221602375215,-0.240963855,202244,VT,-0.02
Cecil,39.3662,-75.8845,4.7071934800355,0.239130435,202244,MD,-0.02
Nassau,30.4193,-81.9724,4.700261328125,-0.23828125,202244,NY,-0.02
Custer,35.5115,-98.9795,4.6987428563654,0.238095238,202244,OK,-0.02
Scotts Bluff,41.7469,-103.4164,4.6907278345466,-0.237113402,202244,NE,-0.02
Ottawa,36.6296,-94.9432,4.6804066070081,-0.235849057,202244,OK,-0.02
Franklin,29.7255,-85.0063,4.6758764734694,-0.235294118,202244,KY,-0.02
Douglas,33.6634,-84.8639,4.6650575376932,-0.233968804,202244,KS,-0.02
Essex,37.7681,-76.7117,4.6598699972789,0.233333333,202244,ME,-0.02
Orangeburg,33.2628,-80.8059,4.6598699972789,0.233333333,202244,SC,-0.02
Jasper,30.3129,-94.0731,4.6389384634223,-0.230769231,202244,TX,-0.02
Vernon,30.9243,-93.2749,4.6389384634223,-0.230769231,202244,MO,-0.02
Washington,30.1669,-96.3977,4.6389384634223,-0.230769231,202244,MS,-0.02
Sacramento,38.157,-121.6066,4.6389384634223,0.230769231,202244,CA,-0.02
San Luis Obispo,35.0298,-120.4894,4.6389384634223,0.230769231,202244,CA,-0.02
Middlesex,37.5512,-76.3844,4.6258562527211,0.229166667,202244,MA,-0.02
Mercer,37.2698,-81.2223,4.6103954523191,-0.227272727,202244,NJ,-0.02
Chase,38.1448,-96.5541,4.6103954523191,0.227272727,202244,NE,-0.02
Rio Arriba,35.9866,-106.0654,4.6033943368502,0.226415094,202244,NM,-0.02
Elko,40.3995,-115.2312,4.596445866503,-0.22556391,202244,NV,-0.02
Hillsborough,27.6784,-82.4787,4.5947169040529,0.225352113,202244,NH,-0.02
Citrus,28.7304,-82.3077,4.5927259731425,0.225108225,202244,FL,-0.02
Hancock,30.2391,-89.4595,4.5822041080166,-0.223819302,202244,OH,-0.02
Douglas,33.6634,-84.8639,4.5718581620057,-0.222551929,202244,MN,-0.02
McIntosh,31.3826,-81.4312,4.5691666648526,-0.222222222,202244,OK,-0.02
Phelps,37.6158,-91.9064,4.5691666648526,0.222222222,202244,MO,-0.02
Scioto,38.5848,-82.8321,4.5691666648526,0.222222222,202244,OH,-0.02
Davison,43.5478,-97.9881,4.5644912409005,-0.221649485,202244,SD,-0.02
Charles Mix,42.9925,-98.4251,4.5537932199239,-0.220338983,202244,SD,-0.02
Duval,27.3849,-98.309,4.5479742972344,0.219626168,202244,FL,-0.02
Bergen,40.7898,-74.1343,4.5454414456535,-0.219315895,202244,NJ,-0.02
Franklin,29.7255,-85.0063,4.540821875,-0.21875,202244,MO,-0.02
St. Tammany,30.2726,-89.729,4.540821875,0.21875,202244,LA,-0.02
Moultrie,39.4796,-88.5242,4.5201378360728,-0.216216216,202244,IL,-0.02
Saline,34.4508,-92.6547,4.5183728,-0.216,202244,IL,-0.02
Harrison,30.3598,-89.1646,4.5158117687075,-0.215686275,202244,OH,-0.02
Henry,31.3534,-85.3323,4.5043785690962,0.214285714,202244,OH,-0.02
Cheyenne,38.804,-102.8198,4.4940278067383,-0.213017751,202244,NE,-0.02
Winneshiek,43.1339,-91.9134,4.48980125,-0.2125,202244,IA,-0.02
Waukesha,42.8809,-88.4674,4.4892725375489,0.212435233,202244,WI,-0.02
Grand Isle,44.6031,-72.9527,4.4819519268446,0.211538462,202244,VT,-0.02
La Salle,28.0405,-99.3563,4.4736894754028,0.210526316,202244,LA,-0.02
Montgomery,30.1199,-95.4247,4.4736894754028,0.210526316,202244,TN,-0.02
El Paso,31.4407,-106.0765,4.4661847169771,0.209606987,202244,TX,-0.02
Douglas,33.6634,-84.8639,4.4608641800792,0.208955224,202244,GA,-0.02
Okfuskee,35.3416,-96.1136,4.4557874972789,0.208333333,202244,OK,-0.02
Lee,26.3398,-81.7787,4.4502114735809,0.207650273,202244,IA,-0.02
Box Butte,42.1149,-102.888,4.4440586229416,0.206896552,202244,NE,-0.02
Marquette,43.6759,-89.5803,4.4382546390911,-0.206185567,202244,MI,-0.02
Oklahoma,34.506,-97.1131,4.4357794122449,0.205882353,202244,KS,-0.02
Highland,38.2946,-79.4353,4.4179944468632,0.203703704,202244,OH,-0.02
Douglas,33.6634,-84.8639,4.4114217413783,-0.202898551,202244,WA,-0.02
Kleberg,27.3217,-97.7787,4.4114217413783,0.202898551,202244,TX,-0.02
Madison,30.3979,-83.2844,4.4071964254616,0.202380952,202244,KY,-0.02
Cheshire,42.7544,-72.019,4.38776,-0.2,202244,NH,-0.02
Ohio,37.3418,-86.77,4.38776,-0.2,202244,KY,-0.02
Calumet,43.9446,-88.0911,4.38776,0.2,202244,WI,-0.02
Decatur,30.7493,-84.4846,4.38776,0.2,202244,IA,-0.02
Dixon,42.2733,-96.8776,4.38776,0.2,202244,NE,-0.02
Fulton,33.5242,-84.679,4.38776,0.2,202244,OH,-0.02
Rankin,32.0627,-89.9929,4.38776,0.2,202244,MS,-0.02
Escambia,30.3511,-87.2749,4.3723575508664,-0.198113208,202244,FL,-0.02
Boyd,38.3089,-82.7476,4.3565129202617,-0.196172249,202244,KY,-0.02
Steele,43.8826,-93.3195,4.3537462472789,-0.195833333,202244,MN,-0.02
Will,41.2657,-88.2231,4.3432906599857,0.194552529,202244,IL,-0.02
Pima,31.4887,-111.5421,4.3350935475971,0.193548387,202244,AZ,-0.02
Boyle,37.5778,-84.9281,4.3336386761078,0.193370166,202244,KY,-0.02
Cerro Gordo,42.9137,-93.4773,4.3296237365954,0.192878338,202244,IA,-0.02
Walton,30.2835,-86.0305,4.3206643842326,0.191780822,202244,FL,-0.02
Jackson,28.7671,-96.6492,4.310014281827,-0.19047619,202244,IA,-0.02
Lancaster,34.5578,-80.5546,4.310014281827,0.19047619,202244,PA,-0.02
Hubbard,46.9319,-94.846,4.2995081065637,0.189189189,202244,MN,-0.02
Seminole,28.6133,-81.2581,4.2953452807085,0.188679245,202244,FL,-0.02
Mahaska,41.2117,-92.4362,4.2650745643034,-0.184971098,202244,IA,-0.02
Pennington,43.7994,-102.5353,4.2632756586989,0.184750733,202244,SD,-0.02
Marion,28.9782,-81.8932,4.2621707723705,-0.184615385,202244,MD,-0.02
Sarasota,26.92,-82.3048,4.2617493256814,-0.184563758,202244,FL,-0.02
Brazoria,28.9541,-95.3597,4.2393363651206,0.181818182,202244,TX,-0.02
Manitowoc,43.9217,-87.7673,4.2393363651206,0.181818182,202244,WI,-0.02
Santa Rosa,30.3571,-87.1639,4.2393363651206,0.181818182,202244,FL,-0.02
Cedar,37.6613,-94.0129,4.2128321463557,-0.178571429,202244,IA,-0.02
Venango,41.2002,-79.8734,4.2128321463557,-0.178571429,202244,PA,-0.02
Washington,30.1669,-96.3977,4.2128321463557,0.178571429,202244,WI,-0.02
Tarrant,32.5773,-97.1416,4.2125818922309,-0.178540773,202244,TX,-0.02
Tuscarawas,40.2739,-81.594,4.2075790546424,0.177927928,202244,OH,-0.02
Goodhue,44.211,-92.6613,4.2046579401869,0.177570093,202244,MN,-0.02
Red Willow,40.0377,-100.4242,4.2044587475036,-0.177545692,202244,NE,-0.02
Benton,34.6244,-89.1862,4.1956823510204,0.176470588,202244,WA,-0.02
Pine,45.7575,-92.9624,4.1857814436356,-0.175257732,202244,MN,-0.02
Camp,32.9623,-94.9603,4.1836775,0.175,202244,TX,-0.02
Pike,31.0217,-90.479,4.1836775,0.175,202244,MS,-0.02
Montgomery,30.1199,-95.4247,4.1798268877166,-0.174528302,202244,PA,-0.02
Orange,28.3774,-81.1888,4.1718710743127,0.173553719,202244,CA,-0.02
Lawrence,31.4036,-90.1864,4.1651245476809,-0.172727273,202244,AL,-0.02
Clay,29.7683,-81.9907,4.1625655163969,0.172413793,202244,KS,-0.02
Curry,34.3841,-103.3154,4.1625655163969,0.172413793,202244,OR,-0.02
Benton,34.6244,-89.1862,4.1592828004046,0.172011662,202244,IA,-0.02
Marion,28.9782,-81.8932,4.1581671875,-0.171875,202244,IA,-0.02
Simpson,31.8277,-90.0088,4.1581671875,-0.171875,202244,KY,-0.02
York,34.8507,-80.9342,4.1494524810749,0.170807453,202244,NE,-0.02
Otter Tail,46.153,-95.3289,4.1434163248091,0.170068027,202244,MN,-0.02
Carroll,33.3343,-89.757,4.1333194818977,-0.168831169,202244,MD,-0.02
Massac,37.1542,-88.5334,4.1156500027211,-0.166666667,202244,IL,-0.02
McLean,37.4177,-87.2736,4.1156500027211,-0.166666667,202244,KY,-0.02
Pocahontas,38.1109,-80.2641,4.1156500027211,-0.166666667,202244,IA,-0.02
Santa Cruz,31.377,-110.9435,4.1156500027211,-0.166666667,202244,CA,-0.02
Waseca,43.8937,-93.4995,4.1156500027211,-0.166666667,202244,MN,-0.02
Bronx,40.8085,-73.9198,4.1156500027211,0.166666667,202244,NY,-0.02
Clayton,33.4429,-84.3136,4.1156500027211,0.166666667,202244,GA,-0.02
Franklin,29.7255,-85.0063,4.1156500027211,0.166666667,202244,MA,-0.02
McClain,34.8904,-97.0997,4.1156500027211,0.166666667,202244,OK,-0.02
Nacogdoches,31.3601,-94.4064,4.1156500027211,0.166666667,202244,TX,-0.02
New Castle,39.3819,-75.6834,4.1156500027211,0.166666667,202244,DE,-0.02
Pulaski,32.2778,-83.4948,4.1156500027211,0.166666667,202244,AR,-0.02
Salt Lake,40.4954,-111.9444,4.1156500027211,0.166666667,202244,UT,-0.02
Tillman,34.2282,-98.6867,4.1054203021022,-0.165413534,202244,OK,-0.02
Lincoln,31.3795,-90.2867,4.1054203021022,0.165413534,202244,WI,-0.02
Macomb,42.4658,-82.9459,4.1024407792352,0.165048544,202244,MI,-0.02
Bay,29.9395,-85.4096,4.0933458997658,-0.163934426,202244,FL,-0.02
Grundy,35.2402,-85.8228,4.0933458997658,-0.163934426,202244,IA,-0.02
Marshall,33.9517,-96.712,4.0921922377199,0.163793103,202244,IA,-0.02
Fayette,29.6882,-96.9106,4.0894855731554,-0.163461538,202244,KY,-0.02
Sunflower,33.349,-90.6051,4.0894855731554,-0.163461538,202244,MS,-0.02
Multnomah,45.4446,-122.5372,4.0867021245911,-0.163120567,202244,OR,-0.02
Howard,32.1105,-101.3669,4.0860728239574,-0.163043478,202244,NE,-0.02
Lyon,37.0619,-88.1498,4.0788783770546,-0.162162162,202244,NV,-0.02
Morrison,45.5572,-94.2242,4.0788783770546,-0.162162162,202244,MN,-0.02
Woods,36.5858,-98.8487,4.0756338244898,0.161764706,202244,OK,-0.02
McLean,37.4177,-87.2736,4.0744212152546,-0.161616162,202244,IL,-0.02
Lawrence,31.4036,-90.1864,4.069192197113,0.16097561,202244,OH,-0.02
Sioux,42.6872,-103.8827,4.0484135210489,-0.158430233,202244,IA,-0.02
Cobb,33.7838,-84.5952,4.0440421065521,0.157894737,202244,GA,-0.02
Trumbull,41.1318,-80.7553,4.0392146084843,0.157303371,202244,OH,-0.02
Columbiana,40.6171,-80.6621,4.0379042845481,-0.157142857,202244,OH,-0.02
Hays,29.8754,-97.9404,4.0218189672062,-0.155172414,202244,TX,-0.02
Skagit,48.34,-122.3456,4.0109923089482,-0.153846154,202244,WA,-0.02
Stanton,37.5451,-101.9109,4.0109923089482,-0.153846154,202244,NE,-0.02
La Crosse,43.7989,-91.2175,4.0109923089482,0.153846154,202244,WI,-0.02
Kingfisher,35.7502,-97.93,4.0045846898792,-0.153061224,202244,OK,-0.02
Barnes,46.6536,-98.1943,3.9995054846192,-0.152439024,202244,ND,-0.02
Montgomery,30.1199,-95.4247,3.9973413039929,-0.152173913,202244,IL,-0.02
Wayne,31.5168,-82.0397,3.9973413039929,-0.152173913,202244,NE,-0.02
Horry,33.6211,-78.9632,3.9973413039929,0.152173913,202244,SC,-0.02
Clinton,36.6857,-85.1407,3.9919636403216,-0.151515152,202244,KY,-0.02
Sheridan,39.3322,-100.4758,3.9919636403216,-0.151515152,202244,WY,-0.02
Washington,30.1669,-96.3977,3.9919636403216,0.151515152,202244,IA,-0.02
Owen,38.4986,-84.8086,3.9872962245668,0.150943396,202244,KY,-0.02
Gregory,43.0351,-98.8308,3.979595,-0.15,202244,SD,-0.02
Windsor,43.2831,-72.6031,3.979595,-0.15,202244,VT,-0.02
Nemaha,39.6428,-95.8231,3.979595,0.15,202244,KS,-0.02
Spokane,47.2999,-117.1395,3.979595,0.15,202244,WA,-0.02
Saint Johns,29.7051,-81.4909,3.9768183677912,0.149659864,202244,FL,-0.02
Roanoke,37.1549,-80.1215,3.9698767872692,0.148809524,202244,VA,-0.02
Litchfield,41.5287,-73.3609,3.9664283889401,-0.148387097,202244,CT,-0.02
Delaware,36.1662,-94.8547,3.9644777765684,-0.148148148,202244,IA,-0.02
Mayes,36.1669,-95.3416,3.9644777765684,-0.148148148,202244,OK,-0.02
Noble,36.2753,-97.4526,3.9644777765684,-0.148148148,202244,OH,-0.02
Clark,33.8309,-93.1263,3.9644777765684,0.148148148,202244,KY,-0.02
Adair,35.6826,-94.7611,3.9595213146872,-0.147540984,202244,IA,-0.02
Baker,30.2041,-82.4287,3.9353361425129,-0.144578313,202244,FL,-0.02
Berrien,31.0825,-83.2143,3.9324990365777,0.144230769,202244,MI,-0.02
Greene,31.0867,-88.7977,3.9272661571952,-0.143589744,202244,IA,-0.02
Clark,33.8309,-93.1263,3.9212857154519,-0.142857143,202244,IN,-0.02
Lincoln,31.3795,-90.2867,3.9212857154519,-0.142857143,202244,MS,-0.02
Linn,38.0718,-94.7008,3.9212857154519,-0.142857143,202244,OR,-0.02
Cass,32.8485,-94.5795,3.9212857154519,0.142857143,202244,IA,-0.02
Fond du Lac,43.6042,-88.2729,3.9212857154519,0.142857143,202244,WI,-0.02
Frederick,39.0367,-78.2815,3.9115675027211,-0.141666667,202244,MD,-0.02
Jackson,28.7671,-96.6492,3.9110629128215,0.141604855,202244,MO,-0.02
Erie,41.3111,-82.6126,3.9074025544079,0.141156463,202244,OH,-0.02
Butler,31.545,-86.7356,3.9030640625,0.140625,202244,OH,-0.02
Madison,30.3979,-83.2844,3.897962,-0.14,202244,NE,-0.02
Marion,28.9782,-81.8932,3.8926090139846,0.139344262,202244,IN,-0.02
Nelson,37.5473,-78.8508,3.8908634800355,-0.139130435,202244,KY,-0.02
Yellowstone,45.6745,-108.769,3.8872364931923,0.138686131,202244,MT,-0.02
Oakland,42.4567,-83.659,3.8866465315013,-0.138613861,202244,MI,-0.02
Tazewell,36.9763,-81.628,3.8866465315013,-0.138613861,202244,IL,-0.02
Berkeley,32.9185,-80.022,3.8810724098522,-0.137931034,202244,SC,-0.02
Garfield,36.1962,-97.8805,3.8810724098522,0.137931034,202244,OK,-0.02
Carter,34.1364,-97.4273,3.8796362241566,-0.137755102,202244,OK,-0.02
Nemaha,39.6428,-95.8231,3.8790326052647,-0.137681159,202244,NE,-0.02
Stephens,32.6886,-98.659,3.8721831557465,-0.136842105,202244,OK,-0.02
Chickasaw,33.8066,-89.0256,3.8682772697588,0.136363636,202244,IA,-0.02
Nassau,30.4193,-81.9724,3.8682772697588,0.136363636,202244,FL,-0.02
City of Harrisonburg,38.4409,-78.8742,3.864674756489,0.13592233,202244,VA,-0.02
Tippecanoe,40.247,-86.725,3.864674756489,0.13592233,202244,IN,-0.02
Greene,31.0867,-88.7977,3.8590338100661,0.135231317,202244,MO,-0.02
Benton,34.6244,-89.1862,3.8435399972789,-0.133333333,202244,AR,-0.02
Dodge,31.938,-83.1837,3.8435399972789,-0.133333333,202244,MN,-0.02
Nantucket,41.2639,-69.9626,3.8435399972789,0.133333333,202244,MA,-0.02
Finney,37.906,-100.7523,3.8349015850556,-0.132275132,202244,KS,-0.02
Kossuth,42.9868,-94.0959,3.8323683253097,-0.131964809,202244,IA,-0.02
Halifax,36.0594,-77.4061,3.8292184180451,0.131578947,202244,VA,-0.02
Fulton,33.5242,-84.679,3.8256967214453,-0.131147541,202244,GA,-0.02
Pottawatomie,34.9849,-96.8763,3.8198782640639,-0.130434783,202244,KS,-0.02
White,34.5839,-83.75,3.8099084257739,-0.129213483,202244,AR,-0.02
Washington,30.1669,-96.3977,3.8058217798343,-0.128712871,202244,VT,-0.02
Whatcom,48.6752,-122.1914,3.8033058344477,-0.128404669,202244,WA,-0.02
Bartow,34.12,-84.757,3.8016769214024,-0.128205128,202244,GA,-0.02
Prince George's,38.5825,-76.7149,3.7952115796391,0.127413127,202244,MD,-0.02
Breckinridge,37.6194,-86.4491,3.7940654523191,-0.127272727,202244,KY,-0.02
Hamilton,30.3387,-82.7765,3.7940654523191,-0.127272727,202244,NE,-0.02
Waller,29.8072,-95.9755,3.7940654523191,0.127272727,202244,TX,-0.02
Caldwell,29.6826,-97.6499,3.793207513979,-0.12716763,202244,KY,-0.02
Fredericksburg,38.2995,-77.4772,3.7928076265652,-0.127118644,202244,VA,-0.02
Bryan,31.8962,-81.294,3.7917095239391,0.126984127,202244,OK,-0.02
Middlesex,37.5512,-76.3844,3.7909265899994,-0.126888218,202244,NJ,-0.02
Olmsted,43.8555,-92.4885,3.7845427016435,-0.126106195,202244,MN,-0.02
O'Brien,42.9444,-95.5515,3.7781222498669,-0.125319693,202244,IA,-0.02
Taylor,29.6739,-83.3723,3.7755125,-0.125,202244,TX,-0.02
Etowah,33.8979,-86.0245,3.7755125,0.125,202244,AL,-0.02
Onondaga,42.807,-76.1394,3.7755125,0.125,202244,NY,-0.02
Putnam,25.7964,-80.3849,3.7755125,0.125,202244,FL,-0.02
Dodge,31.938,-83.1837,3.7679163779207,-0.124069479,202244,NE,-0.02
Audubon,41.5524,-94.974,3.7598138455259,0.123076923,202244,IA,-0.02
Chisago,45.3364,-92.9675,3.7557625793285,-0.122580645,202244,MN,-0.02
Delaware,36.1662,-94.8547,3.754687758434,-0.12244898,202244,PA,-0.02
Cambria,40.2799,-78.8032,3.7541052416726,0.122377622,202244,PA,-0.02
Cumberland,34.9536,-78.9354,3.7534892064014,-0.122302158,202244,ME,-0.02
Henry,31.3534,-85.3323,3.750624394226,-0.12195122,202244,IA,-0.02
Palm Beach,26.3446,-80.2109,3.7451569832345,0.121281465,202244,FL,-0.02
Wake,35.547,-78.6717,3.7393276605008,-0.120567376,202244,NC,-0.02
San Bernardino,33.6736,-116.2951,3.734696,0.12,202244,CA,-0.02
Stanislaus,37.3097,-121.0805,3.731905130996,-0.11965812,202244,CA,-0.02
Jackson,28.7671,-96.6492,3.7298223874505,-0.119402985,202244,FL,-0.02
Ashland,40.6361,-82.2356,3.7298223874505,0.119402985,202244,OH,-0.02
Grant,31.5,-92.4005,3.7269214281827,-0.119047619,202244,WA,-0.02
Muskogee,35.3631,-95.2607,3.7269214281827,0.119047619,202244,OK,-0.02
New York,40.7038,-74.0098,3.7236271203044,-0.118644068,202244,NY,-0.02
Ray,39.2048,-94.0259,3.7218065819549,0.118421053,202244,MO,-0.02
Itasca,47.0739,-93.1964,3.7198536348794,-0.118181818,202244,MN,-0.02
Otoe,40.5586,-96.0138,3.7192692895388,-0.118110236,202244,NE,-0.02
Wayne,31.5168,-82.0397,3.7154882367347,-0.117647059,202244,KY,-0.02
Butler,31.545,-86.7356,3.7154882367347,0.117647059,202244,NE,-0.02
Woodward,36.214,-99.1145,3.7154882367347,0.117647059,202244,OK,-0.02
Jefferson,28.883,-81.3087,3.7108985682491,0.117084827,202244,KY,-0.02
St. Landry,30.3884,-92.0934,3.704320932131,0.11627907,202244,LA,-0.02
Dunn,44.7152,-91.9822,3.7015695653357,-0.115942029,202244,WI,-0.02
Howard,32.1105,-101.3669,3.6970192276295,0.115384615,202244,IA,-0.02
Caledonia,44.1978,-72.1104,3.6892089577013,-0.114427861,202244,VT,-0.02
Carroll,33.3343,-89.757,3.6880485690962,-0.114285714,202244,IA,-0.02
Rapides,31.0066,-92.5526,3.6850962055283,-0.113924051,202244,LA,-0.02
Daviess,37.6206,-87.0591,3.6810862701188,0.113432836,202244,KY,-0.02
Pickaway,39.5535,-82.7763,3.6792471684251,-0.113207547,202244,OH,-0.02
Delaware,36.1662,-94.8547,3.6767629048058,0.112903226,202244,OH,-0.02
Fort Bend,29.3327,-95.7702,3.6749084479448,0.112676056,202244,TX,-0.02
Cameron,25.9017,-97.4975,3.6686823071981,-0.111913357,202244,TX,-0.02
Arkansas,34.0893,-91.2437,3.652165934963,0.10989011,202244,AR,-0.02
Spotsylvania,38.0641,-77.6586,3.6497082183953,0.109589041,202244,VA,-0.02
Wasco,44.8892,-120.7914,3.6479609375,0.109375,202244,OR,-0.02
Lehigh,40.4734,-75.5261,3.6456418174397,0.109090909,202244,PA,-0.02
Johnson,32.2532,-97.3678,3.642021728585,-0.10864745,202244,IA,-0.02
Lycoming,41.1788,-76.8839,3.6417505600856,0.108614232,202244,PA,-0.02
Strafford,43.1174,-70.9197,3.6334297492121,-0.107594937,202244,NH,-0.02
Bexar,29.1733,-98.4723,3.6311614620209,0.107317073,202244,TX,-0.02
Salem,37.2853,-80.0692,3.6258520027211,0.106666667,202244,VA,-0.02
Ford,37.553,-99.6325,3.6245639074508,-0.106508876,202244,KS,-0.02
Warren,32.3258,-90.8507,3.6228523654829,-0.106299213,202244,KY,-0.02
Campbell,36.3028,-84.203,3.6172306926113,-0.105610561,202244,KY,-0.02
Plymouth,41.6618,-70.8164,3.6172306926113,-0.105610561,202244,IA,-0.02
Harford,39.3982,-76.2743,3.6143947377014,-0.105263158,202244,MD,-0.02
Thurston,42.0574,-96.4929,3.6143947377014,0.105263158,202244,WA,-0.02
Wood,32.6439,-95.222,3.6122465,-0.105,202244,WI,-0.02
Santa Barbara,34.2628,-119.8486,3.6111764056562,0.104868914,202244,CA,-0.02
Elmore,32.4995,-86.3641,3.6054437527211,0.104166667,202244,AL,-0.02
Howard,32.1105,-101.3669,3.6054437527211,0.104166667,202244,MD,-0.02
Nicollet,44.2172,-94.0942,3.6032350657832,0.103896104,202244,MN,-0.02
Crow Wing,46.2099,-94.2527,3.6020129707934,-0.103746398,202244,MN,-0.02
Somerset,37.9666,-76.0235,3.5995793114708,0.103448276,202244,NJ,-0.02
Jefferson,28.883,-81.3087,3.5975758009151,0.103202847,202244,AL,-0.02
Summit,39.4753,-106.0225,3.5927667927218,0.102613746,202244,OH,-0.02
Okaloosa,30.3935,-86.4958,3.5893058392373,-0.102189781,202244,FL,-0.02
Mesa,38.6784,-108.9719,3.5880897932528,0.102040816,202244,CO,-0.02
Talladega,33.1717,-86.2713,3.5852660996195,0.101694915,202244,AL,-0.02
Queen Anne's,38.9394,-76.3371,3.5780133096116,-0.100806452,202244,MD,-0.02
Carlton,46.4472,-92.7466,3.57143,-0.1,202244,MN,-0.02
Cleburne,33.5616,-85.3786,3.57143,-0.1,202244,AL,-0.02
Beaver,36.5996,-100.7103,3.57143,0.1,202244,PA,-0.02
Portsmouth,36.8035,-76.327,3.57143,0.1,202244,VA,-0.02
Outagamie,44.2425,-88.3564,3.5690360714585,-0.099706745,202244,WI,-0.02
Barton,37.3995,-94.1027,3.5651984714753,-0.099236641,202244,KS,-0.02
Norfolk,36.8294,-76.2701,3.5646834733682,0.099173554,202244,VA,-0.02
Neosho,37.4527,-95.4671,3.5593660058711,-0.098522167,202244,KS,-0.02
Dawes,42.4439,-103.2985,3.5568526809038,-0.098214286,202244,NE,-0.02
Shasta,40.3691,-122.3375,3.5554235319728,-0.098039216,202244,CA,-0.02
City of Richmond,37.4955,-77.471,3.552816614771,-0.09771987,202244,VA,-0.02
Ventura,34.0324,-119.1343,3.5470619372525,0.097014925,202244,CA,-0.02
Henderson,32.0797,-95.5938,3.5463418443962,-0.096926714,202244,KY,-0.02
El Paso,31.4407,-106.0765,3.5450967778802,-0.096774194,202244,CO,-0.02
Indian River,27.5885,-80.3923,3.5450967778802,0.096774194,202244,FL,-0.02
DuPage,41.7074,-87.9756,3.5419240950086,-0.096385542,202244,IL,-0.02
Madison,30.3979,-83.2844,3.5348779099604,-0.095522388,202244,MS,-0.02
Ada,43.4599,-116.244,3.533930738588,0.09540636,202244,WA,-0.02
Webster,31.8939,-84.5112,3.5252226444359,0.094339623,202244,IA,-0.02
Scott,32.2745,-89.5627,3.5229351489998,0.094059406,202244,MN,-0.02
Cass,32.8485,-94.5795,3.5221214802356,0.093959732,202244,ND,-0.02
Montgomery,30.1199,-95.4247,3.5189175400883,-0.093567251,202244,MD,-0.02
Harris,29.5564,-95.144,3.5168925763802,-0.093319194,202244,TX,-0.02
Cuming,41.845,-96.7318,3.5137710039299,-0.092936803,202244,NE,-0.02
Tom Green,31.2346,-100.5203,3.5136367258082,-0.092920354,202244,TX,-0.02
Baxter,36.0068,-92.3917,3.5109611144369,-0.092592593,202244,AR,-0.02
Titus,33.1568,-94.9683,3.5086353821036,0.092307692,202244,TX,-0.02
Monroe,24.5552,-81.7816,3.5020686276644,-0.091503268,202244,PA,-0.02
Ottawa,36.6296,-94.9432,3.5018467736603,0.091476091,202244,MI,-0.02
Oldham,35.1916,-102.2118,3.4972181825603,-0.090909091,202244,KY,-0.02
Cherry,42.2403,-100.2595,3.4972181825603,0.090909091,202244,NE,-0.02
Pierce,31.2931,-82.2617,3.4972181825603,0.090909091,202244,WI,-0.02
Schuylkill,40.5545,-76.2038,3.4972181825603,0.090909091,202244,PA,-0.02
Prince William,38.5223,-77.2936,3.4951158634214,-0.090651558,202244,VA,-0.02
Holt,39.9809,-95.1234,3.4950482468075,0.090643275,202244,NE,-0.02
Dallas,32.1899,-87.0633,3.494231794358,0.09054326,202244,IA,-0.02
Jessamine,37.8602,-84.6714,3.489797,0.09,202244,KY,-0.02
Monroe,24.5552,-81.7816,3.4861417926287,-0.089552239,202244,IA,-0.02
Osage,36.1576,-96.0311,3.4861417926287,-0.089552239,202244,KS,-0.02
Pittsburg,34.6695,-96.0258,3.4839660690962,0.089285714,202244,OK,-0.02
Worth,31.513,-83.7385,3.4807266675737,-0.088888889,202244,IA,-0.02
Des Moines,40.8087,-91.117,3.4790623829495,-0.088685015,202244,IA,-0.02
Coshocton,40.1804,-81.8951,3.4787968063106,-0.088652482,202244,OH,-0.02
Monterey,35.8093,-120.9728,3.4738811282762,0.088050314,202244,CA,-0.02
Codington,44.8858,-97.4442,3.4711789453634,-0.087719298,202244,SD,-0.02
Ouachita,33.4169,-92.777,3.4711789453634,-0.087719298,202244,AR,-0.02
Santa Clara,37.0095,-121.5705,3.4711789453634,-0.087719298,202244,CA,-0.02
Grady,30.7462,-84.3125,3.4697323269704,-0.087542088,202244,OK,-0.02
Fillmore,40.4065,-97.4427,3.46938875,-0.0875,202244,NE,-0.02
Hardin,30.1491,-94.3733,3.4683980600753,-0.087378641,202244,TN,-0.02
Johnson,32.2532,-97.3678,3.4649521760426,-0.086956522,202244,MO,-0.02
Monroe,24.5552,-81.7816,3.4649521760426,0.086956522,202244,FL,-0.02
Chesapeake,36.6434,-76.242,3.4629005754866,0.086705202,202244,VA,-0.02
Camden,30.7305,-81.5465,3.4588327622801,-0.086206897,202244,NJ,-0.02
Livingston,30.2716,-90.7043,3.4573193517665,-0.086021505,202244,NY,-0.02
Seward,37.0216,-100.938,3.45663359375,0.0859375,202244,NE,-0.02
Barron,45.2462,-91.9742,3.4528179448805,-0.085470085,202244,WI,-0.02
Labette,37.0418,-95.0796,3.4519670759582,-0.085365854,202244,KS,-0.02
Marion,28.9782,-81.8932,3.4519670759582,-0.085365854,202244,OH,-0.02
Poweshiek,41.5656,-92.6987,3.4519670759582,-0.085365854,202244,IA,-0.02
Logan,35.1304,-93.7116,3.4498489363439,0.085106383,202244,KY,-0.02
Delaware,36.1662,-94.8547,3.4458407723705,-0.084615385,202244,OK,-0.02
Hardin,30.1491,-94.3733,3.4449563359586,-0.084507042,202244,TX,-0.02
Anderson,31.648,-95.5551,3.4449563359586,0.084507042,202244,SC,-0.02
Smith,31.8394,-89.4049,3.4410915930029,-0.084033613,202244,TX,-0.02
Mercer,37.2698,-81.2223,3.4397638730744,0.083870968,202244,KY,-0.02
Albany,41.0528,-105.4462,3.4353749972789,-0.083333333,202244,WY,-0.02
Cass,32.8485,-94.5795,3.4353749972789,-0.083333333,202244,NE,-0.02
Phelps,37.6158,-91.9064,3.4353749972789,-0.083333333,202244,NE,-0.02
Clay,29.7683,-81.9907,3.4353749972789,0.083333333,202244,FL,-0.02
Tipton,35.4143,-89.8188,3.4353749972789,0.083333333,202244,TN,-0.02
St. Mary's,38.0828,-76.3477,3.4269765452591,0.082304527,202244,MD,-0.02
Taylor,29.6739,-83.3723,3.4260561658373,-0.082191781,202244,WI,-0.02
Washington,30.1669,-96.3977,3.4214918362349,-0.081632653,202244,MD,-0.02
Clarke,31.4258,-87.6822,3.4214918362349,0.081632653,202244,IA,-0.02
Giles,35.05,-87.1522,3.4169891885273,-0.081081081,202244,TN,-0.02
Rhea,35.4484,-85.179,3.4147606076273,-0.080808081,202244,TN,-0.02
Knox,33.4183,-99.8137,3.4134306427913,-0.080645161,202244,NE,-0.02
Martin,27.0595,-80.1364,3.4134306427913,-0.080645161,202244,MN,-0.02
Dawson,32.5273,-101.716,3.408164,-0.08,202244,NE,-0.02
Franklin,29.7255,-85.0063,3.408164,-0.08,202244,TN,-0.02
Henry,31.3534,-85.3323,3.408164,-0.08,202244,MO,-0.02
Nottoway,37.0916,-77.9851,3.408164,-0.08,202244,VA,-0.02
Boone,34.7399,-92.34,3.4055092703501,-0.079674797,202244,KY,-0.02
Virginia Beach,36.6224,-76.0249,3.405472804889,-0.07967033,202244,VA,-0.02
Mille Lacs,45.5851,-93.5961,3.4044534128015,-0.079545455,202244,MN,-0.02
Guthrie,41.5033,-94.3186,3.4044534128015,0.079545455,202244,IA,-0.02
Champaign,39.9012,-88.0753,3.4029809494007,-0.079365079,202244,IL,-0.02
Richmond,33.2941,-82.203,3.3995710491944,-0.078947368,202244,NC,-0.02
Cuyahoga,41.3132,-81.8285,3.3985128079622,-0.078817734,202244,OH,-0.02
Carver,44.7169,-93.6879,3.3982690926407,-0.078787879,202244,MN,-0.02
Hockley,33.4482,-102.4898,3.3971573001605,-0.078651685,202244,TX,-0.02
Medina,29.1404,-99.1428,3.3971573001605,0.078651685,202244,OH,-0.02
Volusia,28.7676,-81.3522,3.3966601633538,0.078590786,202244,FL,-0.02
Custer,35.5115,-98.9795,3.39338271269,-0.0781893,202244,NE,-0.02
Guilford,35.9345,-79.7019,3.3928578125,-0.078125,202244,NC,-0.02
Alachua,29.4536,-82.1065,3.3889562367347,-0.077647059,202244,FL,-0.02
Cowley,37.0676,-97.0357,3.3869872406114,0.077405858,202244,KS,-0.02
Iredell,35.5432,-80.8473,3.3830461544741,-0.076923077,202244,NC,-0.02
Los Angeles,33.332,-118.3437,3.3830461544741,-0.076923077,202244,CA,-0.02
Matanuska-Susitna Borough,61.5214,-149.9544,3.3830461544741,0.076923077,202244,AK,-0.02
Trempealeau,44.0218,-91.4282,3.3750974676311,-0.075949367,202244,WI,-0.02
Walworth,42.5136,-88.4843,3.3695419338161,0.075268817,202244,WI,-0.02
Murray,34.402,-97.051,3.3673475,0.075,202244,GA,-0.02
Wagoner,35.8507,-95.3183,3.3673475,0.075,202244,OK,-0.02
Berks,40.1552,-75.8998,3.3618317541092,-0.074324324,202244,PA,-0.02
Jasper,30.3129,-94.0731,3.3597888882842,0.074074074,202244,MO,-0.02
Cloud,39.3481,-97.4579,3.3553426489796,-0.073529412,202244,KS,-0.02
Yellow Medicine,44.631,-95.4182,3.3466434773144,0.072463768,202244,MN,-0.02
Randolph,33.1492,-85.5513,3.3452180753381,-0.072289157,202244,IL,-0.02
Sheboygan,43.5672,-87.9816,3.342946335071,-0.07201087,202244,WI,-0.02
Stark,40.6514,-81.3076,3.3386559984698,-0.071485306,202244,OH,-0.02
Midland,31.8693,-102.0317,3.3381928536443,-0.071428571,202244,TX,-0.02
Washington,30.1669,-96.3977,3.3381928536443,-0.071428571,202244,OK,-0.02
Cass,32.8485,-94.5795,3.3354293806751,-0.071090047,202244,MO,-0.02
Denver,39.6431,-104.8987,3.3340574483138,0.070921986,202244,CO,-0.02
Rutherford,35.2247,-81.8851,3.3299802799655,0.070422535,202244,TN,-0.02
Kane,37.0475,-112.5263,3.3294899758409,0.070362473,202244,IL,-0.02
Woodbury,42.2408,-95.9486,3.3183597652724,-0.068999028,202244,IA,-0.02
Richardson,40.0536,-95.4292,3.3180862049261,-0.068965517,202244,NE,-0.02
City of Alexandria,38.8013,-77.0707,3.3180862049261,0.068965517,202244,VA,-0.02
New Haven,41.2175,-73.0549,3.3180862049261,0.068965517,202244,CT,-0.02
Cedar,37.6613,-94.0129,3.3132743559044,0.068376068,202244,NE,-0.02
Tuolumne,37.8108,-120.2988,3.3125059444754,0.068281938,202244,CA,-0.02
Travis,30.1204,-97.7433,3.3090755462228,0.067861716,202244,TX,-0.02
Mills,31.4458,-98.5744,3.3042008969342,-0.067264574,202244,IA,-0.02
Dauphin,40.2041,-76.7331,3.2993200027211,-0.066666667,202244,PA,-0.02
Pitt,35.3757,-77.4193,3.2993200027211,-0.066666667,202244,NC,-0.02
Strafford,43.1174,-70.9197,3.2993200027211,-0.066666667,202244,ME,-0.02
Hughes,34.878,-96.271,3.2993200027211,0.066666667,202244,OK,-0.02
Oklahoma,34.506,-97.1131,3.2987431921064,0.066596008,202244,OK,-0.02
Dickinson,38.6767,-96.8941,3.2958864371081,-0.066246057,202244,IA,-0.02
Anchorage,59.8666,-158.5996,3.2948223101366,0.066115702,202244,AK,-0.02
Fannin,33.3796,-96.2475,3.2921592131042,-0.065789474,202244,TX,-0.02
Ottawa,36.6296,-94.9432,3.2921592131042,0.065789474,202244,OH,-0.02
Lincoln,31.3795,-90.2867,3.2887782109799,0.065375303,202244,NE,-0.02
Allegany,39.4774,-79.0594,3.2874891279503,-0.065217391,202244,MD,-0.02
Potter,35.1751,-101.7976,3.2874891279503,-0.065217391,202244,PA,-0.02
Pontotoc,34.1617,-89.1795,3.2874891279503,0.065217391,202244,OK,-0.02
Clayton,33.4429,-84.3136,3.2857145,0.065,202244,IA,-0.02
Hardin,30.1491,-94.3733,3.2847797694968,-0.064885496,202244,KY,-0.02
Hernando,28.4409,-82.4612,3.2846113524545,0.064864865,202244,FL,-0.02
Lawrence,31.4036,-90.1864,3.2833135265306,-0.064705882,202244,PA,-0.02
Franklin,29.7255,-85.0063,3.2817645158657,-0.064516129,202244,WA,-0.02
Lebanon,40.2236,-76.538,3.2817645158657,-0.064516129,202244,PA,-0.02
Ness,38.4388,-99.9029,3.2817645158657,0.064516129,202244,KS,-0.02
Gage,40.0451,-96.8019,3.2782324926914,-0.064083458,202244,NE,-0.02
Forsyth,34.2037,-84.1031,3.2778729074897,0.064039409,202244,NC,-0.02
Jones,31.4555,-89.302,3.2771715085904,-0.063953488,202244,IA,-0.02
Wright,37.0687,-92.4082,3.2734047578879,-0.063492063,202244,MN,-0.02
Rogers,36.1503,-95.5205,3.2729212701188,0.063432836,202244,OK,-0.02
McLeod,44.7259,-94.4516,3.2679774858425,-0.062827225,202244,MN,-0.02
Falls Church,38.8842,-77.1718,3.26530625,-0.0625,202244,VA,-0.02
Columbia,29.9207,-82.6879,3.26530625,0.0625,202244,NY,-0.02
Pottawatomie,34.9849,-96.8763,3.2621372651033,-0.062111801,202244,OK,-0.02
Jefferson,28.883,-81.3087,3.2607911532599,0.061946903,202244,NE,-0.02
Kenosha,42.5001,-88.08,3.2597403651206,0.061818182,202244,WI,-0.02
Blair,40.2711,-78.4588,3.2574569268446,0.061538462,202244,PA,-0.02
Forrest,31.0591,-89.0796,3.2563552650197,0.061403509,202244,MS,-0.02
Burleigh,46.6757,-100.2975,3.254893879217,0.06122449,202244,ND,-0.02
Lowndes,30.6906,-83.1753,3.2519965199645,-0.060869565,202244,MS,-0.02
Dodge,31.938,-83.1837,3.2477129344124,-0.060344828,202244,WI,-0.02
Fall River,43.1551,-103.2162,3.2473593002564,-0.060301508,202244,SD,-0.02
Christian,36.6543,-87.4606,3.244898,-0.06,202244,KY,-0.02
Hardin,30.1491,-94.3733,3.241010718173,-0.05952381,202244,IA,-0.02
Galveston,29.2205,-94.9444,3.2400485181653,0.059405941,202244,TX,-0.02
Dane,42.8669,-89.5377,3.2393635601522,-0.059322034,202244,WI,-0.02
Montgomery,30.1199,-95.4247,3.2393635601522,-0.059322034,202244,AL,-0.02
Lincoln,31.3795,-90.2867,3.2384532868958,0.059210526,202244,SD,-0.02
Jefferson,28.883,-81.3087,3.2352941142857,-0.058823529,202244,KS,-0.02
Shawnee,38.9045,-95.7015,3.2323897182686,-0.058467742,202244,KS,-0.02
Defiance,41.2799,-84.3626,3.2298885566183,-0.058161351,202244,OH,-0.02
St. Lucie,27.2606,-80.4771,3.2297104660655,-0.058139535,202244,FL,-0.02
Cherokee,31.4885,-94.9399,3.2283347785862,0.057971014,202244,KS,-0.02
Tate,34.6323,-89.8855,3.227357027492,0.05785124,202244,MS,-0.02
Keokuk,41.1826,-92.3097,3.2260596178964,-0.057692308,202244,IA,-0.02
Stafford,37.9433,-98.9481,3.2260596178964,-0.057692308,202244,VA,-0.02
York,34.8507,-80.9342,3.2260596178964,-0.057692308,202244,SC,-0.02
Lee,26.3398,-81.7787,3.2257767595514,-0.057657658,202244,FL,-0.02
Bristol,36.595,-82.1819,3.2242551694112,-0.057471264,202244,VA,-0.02
San Juan,36.142,-108.7064,3.2234860641017,-0.057377049,202244,NM,-0.02
Logan,35.1304,-93.7116,3.2189238651206,0.056818182,202244,OK,-0.02
Clark,33.8309,-93.1263,3.2171735882942,0.056603774,202244,WA,-0.02
Collin,33.0139,-96.4377,3.2162479598705,-0.056490385,202244,TX,-0.02
Christian,36.6543,-87.4606,3.2161501635365,0.056478405,202244,MO,-0.02
St. Lawrence,44.1408,-74.9125,3.2150042239724,-0.056338028,202244,NY,-0.02
Buchanan,37.1134,-82.1501,3.2150042239724,0.056338028,202244,IA,-0.02
Allegheny,40.2373,-79.9506,3.2122448,-0.056,202244,PA,-0.02
Suffolk,40.6443,-73.1613,3.2107866060476,0.055821372,202244,NY,-0.02
Kimball,41.2139,-103.9075,3.2086166702948,-0.055555556,202244,NE,-0.02
Shelby,31.7131,-93.9698,3.2062069049513,-0.055260361,202244,TN,-0.02
Sandoval,35.2339,-106.62,3.2058343564292,-0.055214724,202244,NM,-0.02
Clark,33.8309,-93.1263,3.2054889672062,0.055172414,202244,NV,-0.02
Dakota,42.2852,-96.7159,3.2030500343918,-0.054873646,202244,MN,-0.02
Ada,43.4599,-116.244,3.2026631674415,-0.054826255,202244,ID,-0.02
Washington,30.1669,-96.3977,3.1999664865929,0.054495913,202244,MN,-0.02
McKinley,35.0684,-108.8336,3.1993612268777,-0.054421769,202244,NM,-0.02
Roseau,48.5459,-96.0879,3.1993612268777,-0.054421769,202244,MN,-0.02
Geary,39.0299,-96.8396,3.1963594590182,-0.054054054,202244,KS,-0.02
Lyon,37.0619,-88.1498,3.1944844224779,0.053824363,202244,KS,-0.02
Steele,43.8826,-93.3195,3.1924196463557,-0.053571429,202244,NE,-0.02
Butler,31.545,-86.7356,3.1904759972789,-0.053333333,202244,IA,-0.02
Fayette,29.6882,-96.9106,3.1893180821537,0.053191489,202244,OH,-0.02
DeKalb,33.6823,-84.161,3.1847473688507,-0.052631579,202244,GA,-0.02
Hamilton,30.3387,-82.7765,3.1828711812851,-0.052401747,202244,IN,-0.02
Franklin,29.7255,-85.0063,3.1824979062293,0.052356021,202244,VA,-0.02
Saline,34.4508,-92.6547,3.1810113039929,-0.052173913,202244,NE,-0.02
Leon,30.3193,-84.2674,3.1802718722789,-0.052083333,202244,FL,-0.02
Blount,33.8168,-86.6008,3.1802718722789,0.052083333,202244,TN,-0.02
Mower,43.5309,-92.9328,3.1791675328916,-0.051948052,202244,MN,-0.02
Auglaize,40.391,-84.3729,3.1783822234316,-0.051851852,202244,OH,-0.02
Allen,30.4607,-92.8693,3.1773396557354,0.051724138,202244,OH,-0.02
Lane,38.4742,-100.4647,3.1773396557354,0.051724138,202244,OR,-0.02
Queens,40.5594,-73.9067,3.1718722529072,-0.051054384,202244,NY,-0.02
Kearney,40.3735,-99.1539,3.163265,-0.05,202244,NE,-0.02
Ada,43.4599,-116.244,3.163265,0.05,202244,UT,-0.02
Calvert,38.3293,-76.4651,3.1587796666517,0.049450549,202244,MD,-0.02
Sussex,36.8191,-77.4832,3.1550311201082,0.048991354,202244,DE,-0.02
Clay,29.7683,-81.9907,3.1533097576904,-0.048780488,202244,NE,-0.02
Winnebago,42.2166,-89.0512,3.1533097576904,-0.048780488,202244,WI,-0.02
Bucks,40.0933,-74.8991,3.1503755819549,0.048421053,202244,PA,-0.02
Canyon,43.3784,-116.5489,3.1500983889401,0.048387097,202244,ID,-0.02
Barry,36.5276,-93.9359,3.1485120475043,0.048192771,202244,MO,-0.02
Clay,29.7683,-81.9907,3.1469384,-0.048,202244,MN,-0.02
Cherokee,31.4885,-94.9399,3.1351726683632,-0.046558704,202244,IA,-0.02
Jackson,28.7671,-96.6492,3.1347883728524,0.046511628,202244,KS,-0.02
Lake,28.5494,-81.7729,3.1347883728524,0.046511628,202244,IN,-0.02
Winona,43.9148,-91.394,3.1347883728524,0.046511628,202244,MN,-0.02
Dallas,32.1899,-87.0633,3.1346387722166,-0.046493302,202244,TX,-0.02
Jackson,28.7671,-96.6492,3.1318676910518,-0.046153846,202244,OK,-0.02
Wyandotte,39.0668,-94.6282,3.1318676910518,-0.046153846,202244,KS,-0.02
Hancock,30.2391,-89.4595,3.1318676910518,0.046153846,202244,IL,-0.02
Riley,39.1153,-96.7101,3.1305633508145,-0.045994065,202244,KS,-0.02
Neshoba,32.6439,-89.112,3.1261590871985,-0.045454545,202244,MS,-0.02
Dundy,40.0642,-101.9371,3.1261590871985,0.045454545,202244,NE,-0.02
Rock,42.5083,-89.0318,3.1261590871985,0.045454545,202244,MN,-0.02
Miami-Dade,25.2846,-80.6246,3.1244800923077,-0.045248869,202244,FL,-0.02
McPherson,38.206,-97.5088,3.1241853726878,0.045212766,202244,KS,-0.02
Laramie,41.0428,-104.2765,3.121989885806,0.04494382,202244,WY,-0.02
Knox,33.4183,-99.8137,3.1211672619017,-0.044843049,202244,TN,-0.02
Adams,31.4706,-91.4044,3.1179133297052,-0.044444444,202244,CO,-0.02
Williams,41.4425,-84.7349,3.1129432840928,-0.043835616,202244,OH,-0.02
Rio Grande,37.5731,-106.1408,3.112616784746,0.04379562,202244,CO,-0.02
Leavenworth,39.0014,-95.0391,3.1108854712655,-0.043583535,202244,KS,-0.02
Harrison,30.3598,-89.1646,3.1100260880213,0.043478261,202244,MO,-0.02
Rockland,41.0103,-73.925,3.1083197134223,0.043269231,202244,NY,-0.02
Beaufort,32.1145,-80.8686,3.1078351889141,0.043209877,202244,SC,-0.02
Creek,35.7551,-96.5658,3.1069663770584,-0.043103448,202244,OK,-0.02
Clinton,36.6857,-85.1407,3.1049557154519,-0.042857143,202244,IA,-0.02
Kalamazoo,42.1209,-85.5024,3.1015530479294,-0.042440318,202244,MI,-0.02
Cabarrus,35.2477,-80.5319,3.1000281679793,0.042253521,202244,NC,-0.02
Dutchess,41.5097,-73.9634,3.0993355446275,0.042168675,202244,NY,-0.02
Palo Alto,42.9417,-94.6746,3.0979157508383,-0.041994751,202244,IA,-0.02
Centre,40.71,-77.996,3.0976160842586,0.041958042,202244,PA,-0.02
Anne Arundel,38.7361,-76.5835,3.0968649545357,0.041866029,202244,MD,-0.02
Charleston,32.6529,-80.1829,3.0952375027211,-0.041666667,202244,SC,-0.02
Mecklenburg,35.0552,-80.8195,3.0936700429982,-0.041474654,202244,NC,-0.02
Lake,28.5494,-81.7729,3.0896614790231,-0.040983607,202244,IL,-0.02
Meade,37.2701,-100.5732,3.0896614790231,-0.040983607,202244,KY,-0.02
Grant,31.5,-92.4005,3.0882959221991,-0.040816327,202244,IN,-0.02
Hopkins,33.0107,-95.4734,3.0847717276295,0.040384615,202244,KY,-0.02
Larimer,40.2993,-105.1055,3.0842653254773,-0.040322581,202244,CO,-0.02
Union,29.9315,-82.4255,3.0842653254773,-0.040322581,202244,NC,-0.02
Pasco,27.8633,-82.3499,3.0838234868648,0.040268456,202244,FL,-0.02
Monmouth,40.1077,-74.0635,3.0826398165281,0.040123457,202244,NJ,-0.02
Harrison,30.3598,-89.1646,3.081632,-0.04,202244,IA,-0.02
Valdez-Cordova,60.5362,-145.7534,3.081632,0.04,202244,AK,-0.02
Wyoming,37.4909,-81.3226,3.078399006668,-0.03960396,202244,PA,-0.02
Morrill,41.5825,-102.8225,3.0773355245972,0.039473684,202244,NE,-0.02
Adams,31.4706,-91.4044,3.0748993836314,-0.039175258,202244,NE,-0.02
Garland,34.4351,-93.242,3.0731506496687,0.038961039,202244,AR,-0.02
Iron,37.2955,-90.6279,3.071506977377,0.03875969,202244,UT,-0.02
Franklin,29.7255,-85.0063,3.0710987062541,0.038709677,202244,PA,-0.02
Crawford,32.7222,-84.0451,3.0708077335889,-0.038674033,202244,IA,-0.02
Anoka,45.0523,-93.2541,3.0697099411682,-0.038539554,202244,MN,-0.02
Avoyelles,30.8641,-92.1466,3.0690730731554,0.038461538,202244,LA,-0.02
Greenville,34.6578,-82.2441,3.0675708137096,-0.038277512,202244,SC,-0.02
Fairfield,34.2717,-81.2712,3.0657767734319,0.038057743,202244,OH,-0.02
Clay,29.7683,-81.9907,3.0641781707195,0.037861915,202244,MO,-0.02
Brevard,27.8679,-80.5416,3.0605295919478,-0.037414966,202244,FL,-0.02
Passaic,40.8344,-74.1377,3.0574444441421,-0.037037037,202244,NJ,-0.02
Washington,30.1669,-96.3977,3.0574444441421,-0.037037037,202244,KS,-0.02
Milwaukee,42.8892,-87.9027,3.0566467019762,0.036939314,202244,WI,-0.02
Worcester,38.0452,-75.4108,3.0553593087497,-0.036781609,202244,MA,-0.02
Wayne,31.5168,-82.0397,3.0546706445984,0.036697248,202244,OH,-0.02
Cottonwood,43.8831,-95.1373,3.0537573182678,0.036585366,202244,MN,-0.02
Ramsey,44.914,-93.1727,3.0531980342582,0.036516854,202244,MN,-0.02
Saratoga,42.81,-73.6995,3.0508717386572,-0.036231884,202244,NY,-0.02
Vermilion,29.9466,-92.2416,3.0466464309038,0.035714286,202244,LA,-0.02
Baltimore,39.207,-76.4456,3.0445787241569,0.035460993,202244,MD,-0.02
Dakota,42.2852,-96.7159,3.0417710714081,0.035117057,202244,NE,-0.02
Erie,41.3111,-82.6126,3.0405300702155,-0.034965035,202244,NY,-0.02
Angelina,31.1569,-94.3871,3.0365931065447,0.034482759,202244,TX,-0.02
Garvin,34.4719,-97.3879,3.0355187019785,-0.034351145,202244,OK,-0.02
Allen,30.4607,-92.8693,3.0333943174397,0.034090909,202244,IN,-0.02
Muskingum,39.8,-81.891,3.0287301670049,-0.033519553,202244,OH,-0.02
Jasper,30.3129,-94.0731,3.0262059032156,-0.033210332,202244,IA,-0.02
Philadelphia,39.8893,-75.1782,3.0249611550683,0.033057851,202244,PA,-0.02
Pike,31.0217,-90.479,3.0242197804889,0.032967033,202244,KY,-0.02
Cherokee,31.4885,-94.9399,3.0236296065521,-0.032894737,202244,OK,-0.02
Mahoning,40.8957,-80.9897,3.0226238798288,0.032771536,202244,OH,-0.02
Richmond,33.2941,-82.203,3.0212945680568,0.032608696,202244,NY,-0.02
Hennepin,44.8261,-93.3538,3.0184322620145,-0.032258065,202244,MN,-0.02
Union,29.9315,-82.4255,3.0161863504286,-0.031982942,202244,SD,-0.02
Albemarle,37.7511,-78.6313,3.0156308541902,-0.031914894,202244,VA,-0.02
Buena Vista,37.7396,-79.3523,3.0148413651206,0.031818182,202244,IA,-0.02
Graves,36.5603,-88.5692,3.0142523830256,0.031746032,202244,KY,-0.02
Kosciusko,41.0743,-85.8792,3.0122118110879,-0.031496063,202244,IN,-0.02
Platte,39.1776,-94.6321,3.0067085632094,-0.030821918,202244,NE,-0.02
Boone,34.7399,-92.34,3.0066302526725,-0.030812325,202244,IA,-0.02
Polk,26.4722,-81.8122,3.0062784634223,0.030769231,202244,MN,-0.02
Hall,34.1819,-83.9024,3.0047846203388,-0.030586236,202244,NE,-0.02
Franklin,29.7255,-85.0063,3.0043610675183,0.030534351,202244,IA,-0.02
Saunders,41.0541,-96.3904,3.002472724799,-0.03030303,202244,NE,-0.02
Broward,25.9812,-80.1484,3.0008180565422,0.030100334,202244,FL,-0.02
Polk,26.4722,-81.8122,3,0.029399323,202244,IA,-0.02
Essex,37.7681,-76.7117,3,0.029247911,202244,MA,-0.02
Sherburne,45.3136,-93.5814,3,-0.029069767,202244,MN,-0.02
Holmes,30.7041,-85.9546,3,-0.028571429,202244,FL,-0.02
Comanche,31.7629,-98.3695,3,0.028409091,202244,OK,-0.02
Denton,33.0033,-96.882,3,-0.028387097,202244,TX,-0.02
Hamilton,30.3387,-82.7765,3,0.028199566,202244,OH,-0.02
Gwinnett,33.8178,-84.0229,3,0.027777778,202244,GA,-0.02
Norman,47.1588,-96.1309,3,0.027777778,202244,MN,-0.02
Rutland,43.3583,-73.0129,3,-0.02745098,202244,VT,-0.02
Kent,33.2518,-100.5825,3,0.027108434,202244,RI,-0.02
Greenup,38.4322,-82.8094,3,-0.026666667,202244,KY,-0.02
Danville,36.5779,-79.4411,3,0.026666667,202244,VA,-0.02
Guernsey,39.852,-81.6576,3,-0.026266417,202244,OH,-0.02
Wicomico,38.2672,-75.9021,3,-0.026086957,202244,MD,-0.02
Westmoreland,38.0181,-76.6861,3,-0.025974026,202244,PA,-0.02
Powhatan,37.5421,-77.9189,3,-0.025641026,202244,VA,-0.02
Racine,42.666,-88.2749,3,-0.025291829,202244,WI,-0.02
Anderson,31.648,-95.5551,3,-0.025125628,202244,TX,-0.02
Putnam,25.7964,-80.3849,3,-0.025104603,202244,OH,-0.02
Winnebago,42.2166,-89.0512,3,-0.025,202244,IA,-0.02
Monroe,24.5552,-81.7816,3,0.024691358,202244,IN,-0.02
Ellis,32.1482,-96.9612,3,-0.024615385,202244,KS,-0.02
Pinellas,27.6705,-82.7119,3,-0.023913043,202244,FL,-0.02
Jefferson,28.883,-81.3087,3,0.023474178,202244,CO,-0.02
Cumberland,34.9536,-78.9354,3,-0.0234375,202244,PA,-0.02
Mitchell,31.1272,-84.1564,3,0.022988506,202244,KS,-0.02
Daviess,37.6206,-87.0591,3,-0.022727273,202244,MO,-0.02
Muskegon,43.1443,-86.1388,3,0.02259887,202244,MI,-0.02
Sangamon,39.5394,-89.7621,3,-0.022222222,202244,IL,-0.02
Sarpy,41.0765,-96.1438,3,-0.021765057,202244,NE,-0.02
Union,29.9315,-82.4255,3,-0.02173913,202244,IA,-0.02
Douglas,33.6634,-84.8639,3,0.02173913,202244,WI,-0.02
Kennebec,44.1634,-69.9581,3,0.02173913,202244,ME,-0.02
Minnehaha,43.4775,-96.7041,3,-0.021548284,202244,SD,-0.02
Forsyth,34.2037,-84.1031,3,-0.021276596,202244,GA,-0.02
Crawford,32.7222,-84.0451,3,-0.020833333,202244,KS,-0.02
Hillsborough,27.6784,-82.4787,3,-0.020833333,202244,FL,-0.02
Wichita,33.8579,-98.8081,3,0.020689655,202244,TX,-0.02
Shelby,31.7131,-93.9698,3,0.020618557,202244,OH,-0.02
Erie,41.3111,-82.6126,3,-0.020547945,202244,PA,-0.02
Chatham,31.9268,-81.0381,3,0.020408163,202244,GA,-0.02
Lyon,37.0619,-88.1498,3,-0.020356234,202244,MN,-0.02
Pottawattamie,41.1916,-95.4314,3,0.020332717,202244,IA,-0.02
Sac,42.2653,-95.0852,3,0.02020202,202244,IA,-0.02
Madison,30.3979,-83.2844,3,0.02,202244,OH,-0.02
Anderson,31.648,-95.5551,3,0.01986755,202244,KY,-0.02
Fayette,29.6882,-96.9106,3,-0.019607843,202244,TN,-0.02
Houston,31.0507,-85.3154,3,-0.019553073,202244,AL,-0.02
Ross,39.2039,-82.812,3,-0.019337017,202244,OH,-0.02
Saline,34.4508,-92.6547,3,0.019178082,202244,KS,-0.02
Bernalillo,34.9073,-106.6892,3,0.019169329,202244,NM,-0.02
Preble,39.5897,-84.5581,3,0.01910828,202244,OH,-0.02
Harlan,36.7521,-83.4629,3,0.018867925,202244,NE,-0.02
Clay,29.7683,-81.9907,3,-0.018779343,202244,IA,-0.02
Chester,34.5705,-80.9133,3,0.018518519,202244,SC,-0.02
Orange,28.3774,-81.1888,3,0.018518519,202244,IN,-0.02
Stearns,45.3436,-94.3028,3,0.018043685,202244,MN,-0.02
Adams,31.4706,-91.4044,3,-0.017857143,202244,OH,-0.02
Sedgwick,37.5054,-97.3408,3,0.017675415,202244,KS,-0.02
Bell,30.7991,-97.4263,3,-0.01754386,202244,TX,-0.02
Williamson,30.4521,-97.7688,3,-0.01754386,202244,TX,-0.02
Albany,41.0528,-105.4462,3,0.017391304,202244,NY,-0.02
Stevens,37.1682,-101.3346,3,0.017241379,202244,MN,-0.02
Lackawanna,41.3432,-75.5301,3,0.017167382,202244,PA,-0.02
Lake,28.5494,-81.7729,3,0.017094017,202244,CA,-0.02
Shelby,31.7131,-93.9698,3,0.016949153,202244,IN,-0.02
Lucas,40.9355,-93.4796,3,0.016706444,202244,OH,-0.02
Bannock,42.3195,-111.9781,3,-0.016528926,202244,ID,-0.02
Marion,28.9782,-81.8932,3,0.016423358,202244,FL,-0.02
Payette,43.959,-116.8048,3,-0.015748031,202244,ID,-0.02
Davis,40.6941,-92.258,3,0.015625,202244,IA,-0.02
Sequoyah,35.3898,-94.4462,3,0.015432099,202244,OK,-0.02
Washington,30.1669,-96.3977,3,-0.014925373,202244,PA,-0.02
Douglas,33.6634,-84.8639,3,-0.01491836,202244,NE,-0.02
Lancaster,34.5578,-80.5546,3,-0.014808207,202244,NE,-0.02
Washington,30.1669,-96.3977,3,0.014285714,202244,NE,-0.02
Craighead,35.7456,-90.5507,3,-0.014184397,202244,AR,-0.02
Payne,35.9768,-97.0441,3,0.013806706,202244,OK,-0.02
Dubuque,42.2775,-90.7507,3,-0.013717421,202244,IA,-0.02
El Dorado,38.55,-120.7304,3,-0.013605442,202244,CA,-0.02
St. Louis,38.4566,-90.3282,3,0.013422819,202244,MO,-0.02
Norfolk,36.8294,-76.2701,3,0.012987013,202244,MA,-0.02
Buffalo,40.6861,-99.0693,3,0.012830189,202244,NE,-0.02
Broomfield,39.9619,-105.0148,3,0.012820513,202244,CO,-0.02
Accomack,37.5423,-75.7412,3,0.012658228,202244,VA,-0.02
King,33.6206,-100.3229,3,-0.012631579,202244,WA,-0.02
Santa Fe,35.0776,-106.1872,3,-0.012605042,202244,NM,-0.02
Harvey,37.9167,-97.4225,3,0.012578616,202244,KS,-0.02
Tulare,35.805,-119.1315,3,0.012383901,202244,CA,-0.02
Boise,43.6498,-116.4306,3,-0.012345679,202244,ID,-0.02
Rock Island,41.3277,-90.6384,3,-0.012269939,202244,IL,-0.02
Shelby,31.7131,-93.9698,3,-0.012,202244,IA,-0.02
Tulsa,35.9183,-95.7988,3,0.011849192,202244,OK,-0.02
Sumner,36.3047,-86.6211,3,-0.01179941,202244,KS,-0.02
Orange,28.3774,-81.1888,3,-0.011389522,202244,FL,-0.02
Fauquier,38.4674,-77.7044,3,-0.011363636,202244,VA,-0.02
Hanover,37.6281,-77.3395,3,-0.011363636,202244,VA,-0.02
Shelby,31.7131,-93.9698,3,-0.011363636,202244,AL,-0.02
Black Hawk,42.3416,-92.1862,3,-0.011235955,202244,IA,-0.02
St. Louis,38.4566,-90.3282,3,0.011142061,202244,MN,-0.02
Columbia,29.9207,-82.6879,3,-0.010989011,202244,PA,-0.02
Butler,31.545,-86.7356,3,-0.010914052,202244,KS,-0.02
Kings,35.9877,-120.1227,3,0.010869565,202244,NY,-0.02
Chippewa,44.9226,-95.4845,3,0.010729614,202244,WI,-0.02
McHenry,42.1641,-88.3064,3,-0.010452962,202244,IL,-0.02
Chesterfield,34.4606,-80.2544,3,-0.010416667,202244,VA,-0.02
Polk,26.4722,-81.8122,3,-0.010416667,202244,FL,-0.02
Tuscaloosa,33.0618,-87.4422,3,0.010067114,202244,AL,-0.02
Crawford,32.7222,-84.0451,3,0.00877193,202244,PA,-0.02
Butler,31.545,-86.7356,3,0.00862069,202244,PA,-0.02
Chittenden,44.3113,-73.228,3,0.008221994,202244,VT,-0.02
Miami,38.4102,-94.8718,3,-0.0078125,202244,KS,-0.02
Humboldt,40.0231,-124.0139,3,-0.007575758,202244,IA,-0.02
Portage,41.0328,-81.2484,3,-0.007352941,202244,OH,-0.02
Hocking,39.4174,-82.5923,3,0.00729927,202244,OH,-0.02
Humboldt,40.0231,-124.0139,3,0.006993007,202244,CA,-0.02
Eau Claire,44.5963,-90.9906,3,0.006666667,202244,WI,-0.02
Penobscot,44.6991,-69.1025,3,0.006410256,202244,ME,-0.02
Carroll,33.3343,-89.757,3,-0.006329114,202244,OH,-0.02
Loudoun,38.8976,-77.5092,3,-0.006276151,202244,VA,-0.02
Hancock,30.2391,-89.4595,3,0.006024096,202244,MS,-0.02
Richland,32.3331,-91.7976,3,0.006024096,202244,OH,-0.02
Warren,32.3258,-90.8507,3,0.006006006,202244,IA,-0.02
Warren,32.3258,-90.8507,3,0.005714286,202244,VA,-0.02
James City,37.2235,-76.7833,3,-0.005376344,202244,VA,-0.02
Franklin,29.7255,-85.0063,3,-0.004700353,202244,OH,-0.02
Saline,34.4508,-92.6547,3,-0.00456621,202244,AR,-0.02
Cleveland,33.7588,-92.1939,3,-0.00435019,202244,OK,-0.02
Madison,30.3979,-83.2844,3,-0.004149378,202244,IA,-0.02
Fayette,29.6882,-96.9106,3,-0.003952569,202244,IA,-0.02
Fairfax,38.6929,-77.204,3,-0.003864734,202244,VA,-0.02
Chester,34.5705,-80.9133,3,-0.003745318,202244,PA,-0.02
Johnson,32.2532,-97.3678,3,-0.002970885,202244,KS,-0.02
Maricopa,32.9306,-112.7468,3,-0.002881844,202244,AZ,-0.02
Warren,32.3258,-90.8507,3,0.00243309,202244,OH,-0.02
Linn,38.0718,-94.7008,3,0.00234192,202244,IA,-0.02
Clermont,38.7926,-84.1382,3,0.002336449,202244,OH,-0.02
Twin Falls,42.218,-114.5942,3,0.001994018,202244,ID,-0.02
Scott,32.2745,-89.5627,3,0.001465201,202244,IA,-0.02
Wapello,40.9261,-92.2268,3,0.001420455,202244,IA,-0.02
Reno,37.7783,-97.9886,3,-0.001026694,202244,KS,-0.02
Allamakee,43.0036,-91.5478,3,0,202244,IA,-0.02
Belmont,39.8679,-80.8168,3,0,202244,OH,-0.02
Big Horn,44.2507,-107.6053,3,0,202244,WY,-0.02
Bonneville,43.3861,-111.2527,3,0,202244,ID,-0.02
Boulder,39.9205,-105.0867,3,0,202244,CO,-0.02
Burlington,39.5923,-74.451,3,0,202244,NJ,-0.02
Colfax,36.35,-104.7931,3,0,202244,NE,-0.02
Faribault,43.5201,-94.0984,3,0,202244,MN,-0.02
Garfield,36.1962,-97.8805,3,0,202244,NE,-0.02
Hall,34.1819,-83.9024,3,0,202244,GA,-0.02
Hampshire,39.1362,-78.4845,3,0,202244,MA,-0.02
Ida,42.3327,-95.6045,3,0,202244,IA,-0.02
Knox,33.4183,-99.8137,3,0,202244,ME,-0.02
Koochiching,47.844,-94.2043,3,0,202244,MN,-0.02
Lawrence,31.4036,-90.1864,3,0,202244,SD,-0.02
Los Alamos,35.8275,-106.2039,3,0,202244,NM,-0.02
Luzerne,40.9448,-76.1452,3,0,202244,PA,-0.02
Madison,30.3979,-83.2844,3,0,202244,IN,-0.02
Madison,30.3979,-83.2844,3,0,202244,LA,-0.02
Manatee,27.3648,-82.1849,3,0,202244,FL,-0.02
Marion,28.9782,-81.8932,3,0,202244,KY,-0.02
Marshall,33.9517,-96.712,3,0,202244,KY,-0.02
McLennan,31.2533,-97.41,3,0,202244,TX,-0.02
Nolan,32.082,-100.3111,3,0,202244,TX,-0.02
Platte,39.1776,-94.6321,3,0,202244,MO,-0.02
Plumas,39.5645,-121.5751,3,0,202244,CA,-0.02
Story,41.8765,-93.6812,3,0,202244,IA,-0.02
Sullivan,36.4195,-82.304,3,0,202244,NY,-0.02
Union,29.9315,-82.4255,3,0,202244,NJ,-0.02
Washington,30.1669,-96.3977,3,0,202244,OR,-0.02
Washington,30.1669,-96.3977,3,0,202244,VA,-0.02
Wichita,33.8579,-98.8081,3,0,202244,KS,-0.02
